{"北京":{"x":-0.683822955802173,"y":1.286374952340281,"z":-1.3775524117468336},"上海":{"x":-0.8950380256368785,"y":1.0395419860740203,"z":-1.4622873834692411},"广州":{"x":-0.7281362162108397,"y":0.7876014538222509,"z":-1.6939677094263743},"深圳":{"x":-0.7549833153209999,"y":0.7685732989320875,"z":-1.6909524764923347},"成都":{"x":-0.41968121165766387,"y":1.0197242783550526,"z":-1.674531300607672},"重庆":{"x":-0.4967898891090379,"y":0.9891361221993186,"z":-1.6717758635174524},"武汉":{"x":-0.7105342767656038,"y":1.0203268162492203,"z":-1.5729269625713427},"杭州":{"x":-0.8697418334485341,"y":1.010671341055047,"z":-1.4973702225967949},"南京":{"x":-0.818606858678664,"y":1.0642681300365182,"z":-1.4890403481144567},"西安":{"x":-0.5378629471182574,"y":1.1287131184296095,"z":-1.5673975712633244},"拉萨":{"x":-0.03345101398390939,"y":0.9918744140319371,"z":-1.7421513069915164},"香港":{"x":-0.7594310434540504,"y":0.7614570865212112,"z":-1.6921798354858506},"澳门":{"x":-0.7417113625289099,"y":0.7575707775710265,"z":-1.7017566722848299},"台北":{"x":-0.9511165551309938,"y":0.8483009545972298,"z":-1.547833256195634},"东京":{"x":-1.243211350387177,"y":1.169431698893121,"z":-1.0520836658234174},"大阪":{"x":-1.1758632568351417,"y":1.1411177272308493,"z":-1.155517604290196},"首尔":{"x":-0.9559499502189198,"y":1.2225091279833067,"z":-1.2695101908507624},"釜山":{"x":-1.0330941824747444,"y":1.1551748225753617,"z":-1.2721291363005647},"乌兰巴托":{"x":-0.3910612220695769,"y":1.4881306867040007,"z":-1.2855205871098787},"新加坡":{"x":-0.4788062888125437,"y":0.04723732849138835,"z":-1.946416752031937},"曼谷":{"x":-0.3548959672856851,"y":0.47690011685531575,"z":-1.914847286586516},"普吉":{"x":-0.2901307622068546,"y":0.2748830632081207,"z":-1.9647616757211521},"吉隆坡":{"x":-0.4056359452969642,"y":0.10982569925613442,"z":-1.9604649437482782},"雅加达":{"x":-0.5777732195268117,"y":-0.21688659660277945,"z":-1.9076591181371179},"巴厘岛":{"x":-0.8412118432045675,"y":-0.2908192051019084,"z":-1.7966112057972556},"马尼拉":{"x":-0.9987255708893559,"y":0.5053990632774428,"z":-1.6634734806692932},"河内":{"x":-0.5111307409495542,"y":0.7195077275436311,"z":-1.800299696067674},"胡志明市":{"x":-0.5636098203927349,"y":0.376386993125188,"z":-1.8869821943418141},"金边":{"x":-0.5057560883473887,"y":0.4017899693282976,"z":-1.8981044754298204},"万象":{"x":-0.4160411461975144,"y":0.6185805549217809,"z":-1.861261094458088},"仰光":{"x":-0.20722010870976276,"y":0.5818533405392119,"z":-1.9074935168041},"新德里":{"x":0.38906829649221686,"y":0.9600844006097528,"z":-1.716650460743379},"孟买":{"x":0.5577948954978312,"y":0.6554104994581595,"z":-1.810891198210585},"班加罗尔":{"x":0.41989321081481923,"y":0.4500038933397354,"z":-1.908195793803849},"伊斯兰堡":{"x":0.48641682609687603,"y":1.1118807436898028,"z":-1.5959777201144294},"卡拉奇":{"x":0.7105305345684167,"y":0.8429069616425005,"z":-1.6747176518627038},"达卡":{"x":-0.013126241980930695,"y":0.809428486488967,"z":-1.8343059251476124},"科伦坡":{"x":0.35040943682032993,"y":0.24191654088735426,"z":-1.9592637938349076},"加德满都":{"x":0.14481426096214883,"y":0.9326279115453039,"z":-1.768971172300055},"马累":{"x":0.5676013724196454,"y":0.14614457881456908,"z":-1.917418953726714},"迪拜":{"x":1.0335553382524119,"y":0.8536874795879705,"z":-1.4909748656381436},"阿布扎比":{"x":1.0630072110455842,"y":0.8298674826520768,"z":-1.4836982949716542},"多哈":{"x":1.1277733372061673,"y":0.8565361297374285,"z":-1.4193301794654023},"利雅得":{"x":1.2496208537279436,"y":0.838141392211295,"z":-1.3251383809211614},"麦加":{"x":1.4330521305395603,"y":0.7312521291664039,"z":-1.1965186646039532},"科威特城":{"x":1.1695093989109988,"y":0.9836522235114036,"z":-1.2979603495638476},"马斯喀特":{"x":0.9633427409167877,"y":0.8023791274395781,"z":-1.5646672168139242},"伊斯坦布尔":{"x":1.3235233066415621,"y":1.315662435039742,"z":-0.7330371162512044},"安卡拉":{"x":1.2914919707351906,"y":1.2869117168646795,"z":-0.8342252229002288},"德黑兰":{"x":1.0161673854911284,"y":1.1697159316468606,"z":-1.2724753372524122},"巴格达":{"x":1.196624994149581,"y":1.101375645384136,"z":-1.172640316180197},"耶路撒冷":{"x":1.3927237289964325,"y":1.055653994621774,"z":-0.9828225975878673},"特拉维夫":{"x":1.3951960534891654,"y":1.065157695120253,"z":-0.9689644249684133},"伦敦":{"x":1.247864750681057,"y":1.5693471724363035,"z":0.002831320166044671},"曼彻斯特":{"x":1.1922704731531317,"y":1.6113166045481886,"z":0.04663602421416735},"爱丁堡":{"x":1.1208923777516837,"y":1.6612412844992317,"z":0.06247137083111551},"巴黎":{"x":1.3179824845489754,"y":1.5099740697743838,"z":-0.05408769759468648},"马赛":{"x":1.4527801693470164,"y":1.3750657976193892,"z":-0.13656072557440163},"柏林":{"x":1.186797603698805,"y":1.5910994085068504,"z":-0.2827350705234943},"慕尼黑":{"x":1.3107283835184917,"y":1.4932790877731892,"z":-0.2685771223657616},"法兰克福":{"x":1.271110847937135,"y":1.5383905738924608,"z":-0.19405322572779604},"罗马":{"x":1.4569701232306727,"y":1.3390042737194483,"z":-0.32300249995046654},"米兰":{"x":1.3882697872205658,"y":1.4290857015466867,"z":-0.22460199359172725},"威尼斯":{"x":1.3744224278316455,"y":1.4285947158184242,"z":-0.3001751618789278},"马德里":{"x":1.523248945294837,"y":1.300013305620829,"z":0.09850409061034336},"巴塞罗那":{"x":1.5031253942169707,"y":1.3256677770263712,"z":-0.05695607267039739},"里斯本":{"x":1.5444632765283035,"y":1.254157654883264,"z":0.24848896183365698},"阿姆斯特丹":{"x":1.2196986554503304,"y":1.5878999773248834,"z":-0.10456506062872924},"布鲁塞尔":{"x":1.2622158137366308,"y":1.55486896506033,"z":-0.09601427521671992},"苏黎世":{"x":1.3425983614803974,"y":1.4754008398258889,"z":-0.20161101555027372},"日内瓦":{"x":1.3797862741013052,"y":1.447129257337216,"z":-0.14843096159587035},"维也纳":{"x":1.2819719697043341,"y":1.4949126019805405,"z":-0.37657559842900035},"布拉格":{"x":1.245849372716149,"y":1.5379416380316708,"z":-0.32034334472755693},"华沙":{"x":1.1464056409232721,"y":1.5849040219694277,"z":-0.4402934789483414},"布达佩斯":{"x":1.2804519081274874,"y":1.4782410603042988,"z":-0.44189509909377706},"雅典":{"x":1.446773352843909,"y":1.2338496722092387,"z":-0.6359928080489176},"斯德哥尔摩":{"x":0.9722926297707795,"y":1.724539544096182,"z":-0.3172308354210773},"哥本哈根":{"x":1.1033519503628533,"y":1.6559325806253145,"z":-0.24602187312121937},"奥斯陆":{"x":0.9875849417782278,"y":1.7348040697440925,"z":-0.18749885965580607},"赫尔辛基":{"x":0.9043412088443761,"y":1.739347764541179,"z":-0.4205488461183739},"莫斯科":{"x":0.8935690401318525,"y":1.6575093688773475,"z":-0.6886378312303623},"圣彼得堡":{"x":0.8670309257256991,"y":1.7351548542069581,"z":-0.5074642901301203},"基辅":{"x":1.0998040252183539,"y":1.5459937593996682,"z":-0.6483512952179451},"都柏林":{"x":1.1896987606532035,"y":1.6086052147448793,"z":0.13050334093735666},"雷克雅未克":{"x":0.8108989579439897,"y":1.804376928789029,"z":0.3266370751449111},"纽约":{"x":0.4186672418115987,"y":1.307722580168674,"z":1.4610285397454952},"华盛顿":{"x":0.34989776367869996,"y":1.2593382486605924,"z":1.5204156439714491},"波士顿":{"x":0.48087713532525994,"y":1.3509423018596782,"z":1.4013340350421255},"迈阿密":{"x":0.30766600682730155,"y":0.871377916831566,"z":1.7793445855992094},"芝加哥":{"x":0.06173151929532331,"y":1.3384832655988148,"z":1.4915350372141525},"休斯顿":{"x":-0.16289429633373056,"y":0.9952178909177306,"z":1.7329257912037672},"达拉斯":{"x":-0.19959535330268097,"y":1.0855366022003106,"z":1.6738569174882845},"丹佛":{"x":-0.39877475696462755,"y":1.2818061320763117,"z":1.4892873238496884},"盐湖城":{"x":-0.5662066290261413,"y":1.309048384918173,"z":1.4091938756572766},"洛杉矶":{"x":-0.7860427533116505,"y":1.122631905245589,"z":1.463509274070683},"旧金山":{"x":-0.8497011031880414,"y":1.2280489571450854,"z":1.3378822048655454},"硅谷":{"x":-0.8460541807204863,"y":1.2175105438259963,"z":1.3497723507902777},"圣何塞":{"x":-0.8421344987622333,"y":1.216119913587067,"z":1.353472142961009},"西雅图":{"x":-0.7228917518503767,"y":1.4808388997790152,"z":1.1421771613930864},"拉斯维加斯":{"x":-0.6876217847114201,"y":1.1833170418140242,"z":1.4652515346324628},"火奴鲁鲁":{"x":-1.7301845484714276,"y":0.7286447406483807,"z":0.7039625488306716},"安克雷奇":{"x":-0.8351330461541693,"y":1.7573319547694959,"z":0.48410969414718336},"多伦多":{"x":0.2673665363710687,